,reviews,Prediksi
0,"mantapp,,,ditingkatkan lagi kualitas untuk pembayaran cod jangan gede gede biaya cod nya ...sama voucher untuk klaim jangan ada waktu nya...harus nya di undi aja",netral
1,entah kenapa lazada dihp saya kalo dibuka aplikasinya selalu ngelag. tiba2 jadi banyak notifikasi juga.,negatif
2,"aplikasi penipuan duit pembeli gak dikembalikan dibikin ribet kapok pake aplikasi ini, chat cs juga yang bales bot semua gak ada tindakan penyelesaian mending pindah si ijo apa Oren sekarang",negatif
3,ini lazada makin kesini makin mahallllll ongkirnya jadi males belanja di lazada tolong geratisin lagi ongkirnya biar banyak lagi peminat lazada !!!,netral
4,"ongkir terlalu mahal ke panai hulu,tidak seperti shoopee, shoopeeee banyak voucher oongkir nya murah lazada pengiriman lama, ongkir mahal ke panai hulu, labuhan batu, sumut tolong di kurangi ongkirny",netral
5,"belanja tanpa ribet, barang datang sendiri",positif
6,"Tolong, nomor Kurir nya disesuaikan sama Watsap ya,biar mudah hubungi nya. dan tolong ekspedisi nya, kalo bisa dipercepat, masa udah di Tanggerang ke Jambi,sampai nya lama banget",netral
7,semakin banyak ulasan boot yg ga nyambung sama barang yg mau d beli ga kaya shoope 100% ORI pembeli,positif
8,"maaf ya saya kasih bintang 1, sebelumnya saya belanja disini amanÂ² aja sampai suatu kejadian menimpa saya. saya tidak memesan suatu barang, tiba-tiba barang tersebut datang ke rumah saya.. paket nya cod dan harganya 50.000. saya suruh harus bayar, padahal saya engga pesan. kejadiannya baru siang ini, jam setengah 3 sore, dan saat saya liat paket tersebut ternyata dari apk lazada ini. tolong untuk pihak lazada untuk segera di blacklist buat penjualÂ² dan kurir nakal seperti ituðŸ™",negatif
9,gapapa pengiriman lama tp tolong gratis ongkirnya jgn mahal2 masak pembelian min 50ribu,netral
10,"makin lama makin g ngotak...ongkir mahal,promoÂ² voucher jg banyak yg pilihÂ² produk tertentu.proses penjemputan dan pengiriman lamaaaaa.",positif
11,pihak lazada kurang bertanggung jawab saldo yang refund saya tarik ke rekening sudah 1 minggu belom di proses tolong tanggu jawabnya lazada,negatif
12,bagus murah tetap pertahankan dengan kwalits yg lebih bagus,positif
13,tolong di buka kembali LAZBON yg di BEKUKAN. padahal cicilan tepat waktu sebelum jatuh tempo selalu bayar giliran udah lunas ga bisa ngambil lagi. Karena di BEKUKAN.,negatif
14,"entah siapa yang salah disini sudah seminggu saya transfer dari lazada saldo ke rekening pribadi belum juga masuk, hanya transfer loh bukan mengajukan pinjaman. Di apk olshop sebelah ga sampe 10 detik sudah masuk.. knpa lazada seperti ini hihi aneh",negatif
15,"saya mengalami penipuan di salah satu toko platform lazada, saya sudah mencoba melaporkan toko tapi tidak ada tanggapan dari lazada. sangat mengecewakan. ini salah satu alasan lazada mulai ditinggalkan.",positif
16,sangat membantu dengan mudah dan barang nya datang sesuai yg saya beli,positif
17,"suka sekali belanja online seperti sekarang, bisa hemat tenaga",positif
18,"puas belanja di lazada, karena klu barang yg di kirim tidak sesuai dengan deskripsi atau video atau gambar makan bisa di return atau di kembalikan dan uang bisa kembali lagi.",positif
19,lazada sekarang udah ga asik dan ongkirnya ga nanggung-nanggung dibikin bergidik sama ongkirnyaðŸ˜¨,netral
20,berbelanja jadi lebih simpel banyak potongan harga,positif
21,"lazada nih sebenernya bagus banget ga berat di hp, tampilan layar beranda sederhana dan ga bikin pusing kya di sebelah, tapi sayangnya tokoÂ², kurir, dan ekspedisi di lazada ga amanah. masa kurir nya males nganter ke rumah, di ket pengiriman udh di terima dan ada bukti gambar kakekÂ² entah siapa, pdhl sya blum nerima apa apa, coba deh ganti ekspedisi ke jnt atau yg lain pasti pada amanah",netral
22,Kami mohon kepada fihak Lazada untuk lebih ketat mengawasi toko toko yang nekad melakukan penipuan...terutama yang menjual pakaian baik celana /baju maupun elelektronik seperti hp...beberapa kali saya menjadi korbannya...barang tidak sesuai pesanan,netral
23,mengapa jadi berat bgt aplikasi nya...jd susah buka menu...,netral
24,"apk jelek, kikir, ongkirpun adayg ngasih sampe 1 juta, ga ngotak mending pake shoppe",negatif
25,"alangkah baiknya ada fitur komentar di detail jasa pengiriman, biar kurir gak buat status palsu.",netral
26,"bintang 1 ajah skrng ongkir nyah mahal parah bgt lazada,sayah unintal ajah.hargga murah ongkos 19rb sama ajah gak ada diskon,masa kalah shopi bos,beda nyah ampe 30rb.lazada parah.",netral
27,kenapa penarikan saldo saya ke rekening sampai sekarang belum keterima juga ya padahal dari tanggal 27 maret.,negatif
28,"iklan nya kenceng bet ni apk belanja, mana pernah ketipu lagi disini",negatif
29,"biasa suka bolak balik belanja di lazada karena gratis ongkir,sekarang gratis ongkirnya minimum belanja gede banget,terpaksa pake apk sebelah (tt) dulu karena di sana juga lengkap yang penting gratis ongkir.",netral
30,"lazada sekarang pelit banget gratis ongkirnya, udah gratis ongkirnya dikit minimal belanja harus 45K disaat flatform sebelah gratis ongkir minimal belanja 0 rupiah... harga juga banyak yang gak ngotak mahalnya meski bisa tuker koin tapi harga dibikin 2-5 kali lipat harga biasa, ngumpulin koinpun jadi males karena capek doang ngumpulinnya tuker koin gak seberapa. ditambah lagi kalo mau hubungi CS susah banget mau komplain pun susah.",netral
31,Kalau Bisa Lazada Seperti Aplikasi Sebelah Bukak Baru Bayar.. Tujuanya Untuk Memberantas Penjual Yang Penipu. Pelanggan Lazada Bisa Bubar Sepi Pembeli,netral
32,"belanja online semakin mudah, sukses terus Lazada sukses reseller serta kurir terpercaya",positif
33,logo apknya GK bagus lagi kok pinkkk pink kan cewek njirrrr ganti lah logonya sama warna biru kyk dulu,positif
34,bagus sih cepat jg tp kemarin sempat kecewa karena datang nya telat banget,positif
35,"penarikan tunai sangat sangat mengecewakan sudah 2 minggu tapi belum juga di proses masih dalam status tertunda padahal SUDAH 2 MINGGU , saya juga sudah menghubungi CS tetapi jawabannya sangat tidak nyambung",negatif
36,"kebanyakan ga sesuai dengan iklan, jauh dengan sopie",negatif
37,proses cepat pokonya mantap,positif
38,promo gratis ongkir dan voucher ga seperti dulu males belanja di lazada..!!!,netral
39,"aku suka sama lazada sering belanja juga ,, tapi makin sini makin kurang bnget apalagi ongkir yang slalu naik terus dan kurang lengkap juga barang nya banyak toko yng kurang amanah juga,, kalo untuk pengiriman lazada cepet banget suka mudah""an lazada kedepan nya bisa lebih baik lagi",positif
40,"VOUCHER GRATIS ONGKIR NYA NGGAK KAYA DULU SEKARANG LEBIH MURAH GRATIS ONGKIR DI SHOPEE, SEKARANG LAZADA SANGAT JELEK. TOLONG KEMBALIKAN LAZADA SEPERTI DULU!.",netral
41,penarikan saldo lazada ke rekening sangat lama sedangkan duit sedang di butuhkan,negatif
42,"Bohong.. pengiriman dijamin 3 hari sampai nyatanya sampai seminggu lebih paket gak mau terkirim hanya di kemas. Apk lazada promonya tdk mau di respon sama toko penjualnya pilih pilih klw belinya pakai voucher promo dari apk ini pasti penjual gak mau mengirimi barangnya. ( kenapa penjual tdk mau dagangannya terkirim kalau belinya memakai pembelian pertama kali,, hanya di kemas dan janji janji tgl pengiriman saja,, nyatanya Hoax. Mohon di tanggapi ini kasus penting bagi kami para konsumen ) Mks",negatif
43,sekarang seler2 lazada pada lemot barang diproses nyampe 3-4 hari dulu mah cepet dan pengiriman juga cepet kecewa sama lazada,positif
44,walaupun akhir2 ini agak telat sampenya tp sy suka selain murah jg banyak diskonnya....,positif
45,"yaampun lazada kenapa ya makin kesini makin gak jelas,aku udah tarik saldo lazada dari tanggal 28 Maret kenapa sampai sekarang tanggal 14 april belum juga cair,gimana lah nasib uang akuðŸ˜­",negatif
46,saya memohon kepada pihak lazada untuk memutus kerja sama kepada j&t. karna terkait pengiriman yang sangat lama. dan j&t juga sering meremehkan pengiriman pelanggan. kalo gk putus kontrak. saya yakin lamaÂ² lajada akan sepi pembeli.,negatif
47,bossku dulu sy banyak sekali order hp mohon maaf Skrang yah prnh LG gara gara modal sy tipis sekarang izin bersama yah siapa taw nanti punya modal sy alger aktif LG kembali order mohon izin kadan sy sekarang,netral
48,Udah Sering mesan Paket dari Lazada.Produk nya ada sesuai pesanan ada juga ga sesuai pesanan.,positif
49,iklan nya maksa banget kalo buka aplikasi lain pasti maksa iklannya.tolong lah iklannya dikurangi.,negatif
50,NARIK SALDO SENDIRI SAJA HARUS NUNGGU SAMPAI 3 HARI DAN DANA BELUM JUGA MASUK KE REKENING. BENER-BENER TIDAK RECOMEN DAN MENGECEWAKAN. dari tgl 8 april sampia 14 april dana belum juga masuk ke rekening SANGAT BURUK DAN LELET SEKALI.,negatif
51,"Aplikasi lazada skrg udah tidak tepat waktu pengriminannya biasanya sblum tanggal trima udah datang paketnya, tapi skrg udah 3 hari lewat tanggal tapi blum datang juga paketnya saya, nyesal saya belanja di lazada bagus belanja aplikasi sebelah lagi.. dari dulu saya pelanggan setia lazada tapi skrg saya udah gk mau lagi belanja di lazada bikin kapok. trpaksa saya kasih bintang 1.",positif
52,"mantap banget loading produk atau kunjungi tokonya. di update bukannya makin ringan, malah masih beban. app belanja onlen lainnya ga gini2 banget perasaan.",positif
53,sangat bermanfaat untuk menghemat waktu dan bayak pilihan nya,positif
54,tolong perbaiki lagi soalnya kalo udah beli satu barang jadi mahal semua,netral
55,"dia antara online shop yg ada lazada ongkirnya paling mahal..!Â¡!ðŸ˜ dan para sellernya banyak yg lelet dlm proses ...resfon terhadap konsunen jelek...pengiriman lama ..,!!!ðŸ¤¦ðŸ¤¦",positif
56,jelek karena saya sering dikira robot padahal bukan tolong di perbaiki mulai sekarang juga saya akan memberi bintang Lima jika sudah diperbaikiðŸ˜¤ðŸ˜¤,netral
57,"lazada binatang semua isinya, saldo saya di tahan di aplikasi sudah seminggu lebih saat ssya melaporkan masalah, si suru tunggu mulu dan akan si proses tapj suda saya tunggu seminggu lebih saya tidak dapat hasil apa apa, saldo saya tertahan di aplikasi lazada miskin ini",positif
58,"Lazada turunkan ongkirmu jika konsumen ingin tetap setia padamu.Masa saya mau beli pagar jaring harga 100rb lebih ongkir 2 juta lebih,pengiriman dari Jawa ke Sumatera.Saya merasa diperas hampir saja saya membongkar apk Lazada niat tak mau lagi belanja diLazada,tapi karena saya teringat ada juga kebaikan Lazada pada belanja saya yang sudah2 akhirnya saya urungkan niat tidak pakai Lazada untuk belanja.",positif
59,live Chet terlalu sulit memahami customer dan proses pengembalian dana dan pengiriman lama,negatif
60,"belanja di lazada menyenangkan, banyak discount nya",positif
61,sering sering ada diskon geratis,positif
62,aplikasi apaan ini dasar aplikasi penipu.... voucher refund saya tetap tidak bisa digunakan berulang kali dan kode voucher tidak bisa disalin bahkan saya tanya ke cs jawabannya malah gak nyambung... Tuhh contoh aplikasi sebelah yg ngasih kemudahan kpd pelanggan. Jadi males aja blnja di lazada lagi,netral
63,"aplikasi lemot saat cari produk GK pernah muncul padahal jaringan bagus sudah 3 hari sejak download lagi. notifikasi aplikasi lancar keluar terus, tapi aplikasi GK bisa di gunakan",netral
64,belanja lebih nyaman mudah dalam pencarian sesuai yg diinginkan,positif
65,"makin kesini ongkirnya mencekik, biasanya minimal belanja 20rb udah diskon ongkir 10rb, ini harus di atas 50rb baru dapat gratis ongkir 10rb, tolong dong di perbaiki lagi, tadinya q seneng belanja di lazada karna banyak diskon ongkir, tp makin kesini kok males karna ongkir tambah naik, diskon ongkirnya juga makin dikit",netral
66,"Kok paket Bajunya ga Datang, dan kalo pesan baju,atau yang lainnya itu susah di beli.",negatif
67,"ini gimana sih. SUDAH KU BILANG BERBERAPA KALI LAZADA, TOLONG PERBAIKI VOUCHER GRATIS ONGKIR NYA! MASA SAYA HARUS BELANJA MIMINAL 60 RIBU ONGKIR 10 RIBU..... LAMA KELAMAAN SAYA HAPUS AJA DEH NIH APLIKASI NYA!",netral
68,bismillahirrahmanirrahim semoga pesananya bagus dan memuaskan dan amanah. salam sholawat,positif
69,"Saya Ronald awalnya sangat percaya dan banyak membeli di lazada namun belakangan ini saya sering tertipu dgn membeli barang di lazada maka kepercayaan saya sangat drastis turun. Barang yg saya beli tdk sama dgn yg dikirimkan ke saya, kecewa benar. Dengan adanya kasus seperti ini, maka saya berharap agar lazada introspeksi dan sebaiknya memvalidasi semua produk yg dijual melalui lazada agar terhindar dari penipuan jualan on line, terima kasih",positif
70,makin kesini makin lelet pengiriman nyaa tolong di perbaiki lagi para seller nya kasih peringatan yg tegas sama seller nya kalau masih gini trus makin sepi dah yg belanja di sini,netral
71,"gratis ongkirnya makin kesini makin kecil cuman 20rb dan minimal pembelian harus 115 yang benar aja, gratis ongkirnya di rubah lagi kayak dulu dong",netral
72,"BEDA DENGAN APLIKASI YANG LAINN INI BARANG NYA LAMA BANGET KALAU ANTER,SAYA KALAU DI APLIKASI LAIN CEPET BANGET!!!",positif
73,"kenapa sekarang lazada gak gratis ongkir sih dulu mah pembelian 20 rb aja udah gratis ongkir sekarang mah beli 3 produk aja masih ada ongkir nya males banget , pindah haluan dah nyobain shopee",netral
74,"ongkirnya mahal banget, ga ada voucher potongan harga.",netral
75,belanja lebih mudah dan murah,positif
76,Lazada tempat meraih impian menjadi kenyataan. Lazada pilihan orang bijak memilih produk.,positif
77,biaya pengiriman terlalu mahal dan tdk ada opsi jasa pengiriman lain. Aplikasi tolol,netral
78,"gila ya lazada sekarang gratis ongkir nya mesti minimal beli 60rb itupun gratisnya cuma 10rb, makin kesini jadi makin mahal aja",netral
79,aku belanja buat jualan..sdh lama berlangganan..dari akun lama yg di bajak..sampe di akun baru..yg saya butuhkan cuma kebijakan ongkir..dan tanpa minimal jumlah belanja..20rb sampe 50rb minimal belanja bisa membantu pebelian tanpa henti..tapi 100rb ke atas untuk minimal pembelian..lebih memilih berhenti belanja,netral
80,barusan mau belanja di lazada..eh knp skrng udah naik ya harus belanja 60 rbu baru gratis ongkir malah skrng biaya penangan an nya mahal.. biasanya beli 30 rbu udah gratis ongkir..sya nyaman loh jadi ga nyaman skrng..,positif
81,"suka belanja di lazada ,ulasanya banyak yg jujur ,tapi pleas balikin lagi full gratis ongkirnya dong biar bisa sering belanja lagi .",positif
82,"kemudahan berbelanja, responsif, pengiriman cepat, banyak voucher",positif
83,"gratis ongkir???? pas di klik Total, ada biaya pengiriman, hahahaha trik marketing yang menyesatkan pembeli....",netral
84,"paket saya dikirim dari tgl 26 Maret 2025, tiba"" gagal kirim di tgl 5 April 2025. sampai skrng tgl 14 April 2025. masih belum update di aplikasi dan tidak ada kejelasan dari CS lazada. lambat penyelesaian masalahnya. 3 hari 3 hari Mulu. ini udh mau sebulan dari barang dikirim",negatif
85,"sinyal banyak loadingnya berat, padahal enternet 22,50 kb perdetik buka produk muter muter doang, apalagi buka video lazada buka game lazada, buka lazpanen, bikin jengkel lemotnya minta ampun.",netral
86,"semoga dapat gratis ongkir, belanja murah2",positif
87,"Tante yah bagus mudah mudahan sesuiy,",positif
88,"kenapa makin lama minimal gratis ongkirnya makin banyak ya? jadi kalo belanja nominal sedikit gk bisa gratis ongkir, tolong dong dibikin kya biasanya aja kemarin minimal belanja 65ribu sekarang udah minimal 70ribu",netral
89,"ongkir mulai mahal, gratis ongkir klo belanja 60rb, waktunya ke toko aja, bye bye BEOL (BELANJA ONLINE)",netral
90,"barang ori lbh murah dri platform lain, minus di pengiriman aja lama",positif
91,gratis ongkir cuma 10 rbu itu aja harus belanja min 50rb gratis ongkir.a kmna ini min? kecewa banget,netral
92,"sekarang udah gaada gratis ongkir lagii payah, belanja pun kepotong poin nya banyak tapi masih pake ongkir!!! lazada sekarang tidak semurah dulu belanja 50 rb aja masih kena ongkir banyak. tolong perbaiki seperti dulu lagi supaya pengguna nya juga nyaman belanja di apk ini",netral
93,lama lama aplikasinya GK jelas mengecewakan untuk paylater nya. padahal menggunakan aplikasi ini sudah cukup lama tapi belakangan ini paylater sering dibekukan padahal pembayaran tidak pernah telat. kalo MMG tidak niat kasih paylater GK usah dikasih dari awal. padahal sering belanja COD dibandingin pakai paylater tapi tetap aja bikin kecewa.ðŸ˜¡,negatif
94,saat aku ingin beli yang murah pas ku kembali dulu hihat yang lain terus kembali lagi harganya udah naik,positif
95,"Akun LAZADA saya Semakin lama semakin mahal karena harus belanja minimal 85rb dulu baru dapat free ongkir 10rb, Lucky egg nya juga harus belanja minimal 120rb baru dapat potongan 8rb, padahal dulu belanja minimal 5rb atau 10rb sudah free ongkir, terpaksa harus pindah e-commerce lain biar bisa belanja murah tapi free ongkir",netral
96,ongkir nya mahal banget diskon nya juga dikit,netral
97,pengiriman tepat waktu barang yg dikirim sesuai pesanan pelanggan senang belanja dilazada terima kasih,positif
98,Alhamdulillah g pernah kecewa belanja di lazada,positif
99,"jelek, kadang barang yang di pesan tidak sesuai di gambarnya!!!!",netral
100,"Terimakasih lazada, tetap semangat & sukses selalu~",positif
101,"selama pemesanan slalu tepat dan jls,ok mantap buat lazada.",positif
102,game nya seruuu tapi tolong dong itu saya udh menangin lazpanen gula tapi stokkk kosongggggg terussss lama2 waktunya habisss capek2 saya ngumpulinnnn.. ntr saya ubah bintangnya kalau gula saya udh bisa dikirim masa iya 10 hari habis trs,negatif
103,Jelek bngt sekarang kasian Lazada sepi karena gimana gk sepi. Tidak niat kasih voucher diskon Karena di buat chekout gk bisa. bahkan gratis ongkir Mlah 90minimal blja wauu jelek dehh pokonya . Pada lari ke toko oren dan hijau karena Lazada pelit voucher wkwkwkwk.. Auto uninstall,negatif
104,lazada makin kesini makin jelek padahal dulu sering bngt beli diblazada,negatif
105,Jelek bngt sekarang kasian Lazada sepi karena gimana gk sepi. Tidak niat kasih voucher. Karena di buat chekout gk bisa. Pada lari ke toko oren dan hijau karena Lazada pelit voucher wkwkwkwk.. Auto uninstall,negatif
106,"tolong donk buat lajada bikin iklan nya jangan di mana mana soal nya ribet banget lama""bikin ilfil banget",negatif
107,saya senang belanja di lazada semoga lebih maju,positif
108,sangat membantu dlm urusan belanja,positif
109,Alhamdulillah harga nya lebih murah dari aplikasi Laen,positif
110,"kapok belanja di apl ini banyak toko penipu, coba selidiki toko. tianti2547shop, suruh balikin uang saya 1jt lebih, menghubungi lazada susah kebanyakan jawaban oleh sistem komputerisasi. saya udah lapor di apl nya ga ada respon kbr baik ke saya",positif
111,"minta notifikasi buat login aja susah minta ampun, no yang dikirim salah terus gak nyambung jika minta notifikasi lewat wa gak guna mending lazada hapusdeh soalnya gak guna banget minta notifikasi lewat wa",netral
112,bagus pesaan bisa jadi lebih murah,positif
113,seneng belanja d lazada..hemat waktu.. ga capek..diam di rumah...kurir yg kirim...,positif
114,"jelekkk,masa gw narik saldo ga masukÂ² ke reekening",negatif
115,sangat mudah dan praktis,positif
116,pengiriman cepat dan barang sesuai,positif
117,susah pengembalian dananya.. padahal sudah sesuai prosedur tapi masih saja ribet dan lama.,positif
118,lazada sekarang banyak penjual yang nipu.. sudah tidak nuaman belanja di lazada..,netral
119,"biasanya saya suka belnja di lazada, dri pakaiyan,bunga hias bunga hidup, sampe dompet jg tas, semua buat di jual lg, sekali order byk, tp byk kecawa krna yg dtng ga sesuai dngn yg di gambar, jadi sering rugi, bru mencoba lg ini order baru 3x semoga kedepanya ga ada kekecewan lg ya",positif
120,"saya termasuk yang sangat sering belanja di aplikasi ini tapi belakangan ini sangat malas, gimana cara nya belanja setiap baru buka aplikasi pasti yang keluar wanita telanjang sangat mengganggu keyamanan..,,",netral
121,"senang belanja dsini,tapi tolong seleksi toko yg ngejual produk jelek",positif
122,terlalu bAnyak iklan,negatif
123,"Saya berlangganan di Lazada sudah lama,tapi masih ada saja toko yang nakal.. Ok...Lazada semoga sukses selalu...goood...ðŸ‘",positif
124,"Bintang 1 aja...Lazada yg sekarang gak spt lazada yg dulu..parah, padahal aq pengguna Lazada dah lama...token listrik gak ada, paylatter perbaikan dari bln okt/nop 2023 dan entah smp kapan bisa dipake lagi, mungkin mau cerai lazada dan aku laku...dan yg jelas buka aplikasinya lelet pake banget loading lama....padahal buka toped dan yg lain langsung jreng bisa banget...",negatif
125,sesuai dengan keadaan di aplikasi bgus sekali,positif
126,Kenapa sekarang pembayaran tidak bisa cod...,netral
127,"selamat mencoba belanja online,, semoga kedepannya makin puas belanja di sini",positif
128,"lazada kenapa jadi mahal begini,mending beli offline sendiri murah dan tanpa menunggu,sekalinya buka lazada ongkos kirimnya mahal/jauh lebih mahal dari harga barang (gila sih),pasti pada kabur ke aplikasi yang lain.",netral
129,lebih di tingkatkan lagi pelayanan.... ini sudah bagus.kereeeen......ðŸ«°ðŸ‘,positif
130,"setiap pesanan yang pakai dompet digital dan paket tersebut tidak kunjung datang, mencoba chat dengan lazada tidak pernah menemukan jawaban",negatif
131,pelayanan baik sukses terus ya terapkan terus ya kalo lebih baik lagi,positif
132,pesan di lazada beli 2 yang di kirim 1 gimana gak ngecewa kan pas di retur lama lagi,negatif
133,jangan lama lama ngirim barang nya karna yang pesan sudah pasti nunggu nunggu,negatif
134,bila layanan memuaskan ...kami sebagai customer akan selalu senang berbelanja dilazada....sebagai member baru...sangat senang bila sering dapat diskon.,positif
135,iklan nya tolong di benarin dong yaa ganggu banget,negatif
136,Ramah pembeli Ramah pembayaran melalui banyak cara harga jaminan kualitas di coba penjual sebelum dikemas masih banyak yang kamu bisa tahu dan rasakan kerendahatian Lazada ID MY dan juga PH cabangnya luas dan ada dimana mana,positif
137,"Sangat baik dgn produk baru dan yg paling utama, hrga trjngkau dgn kualitas trprcaya amanah jg baik buat partner usaha kecil",positif
138,sekarang lazada voucer gratis ongkir tanpa minimal pembelian itu udah gak ada jadi kita mau beli barang yang harga nya murah ragu karna ongkir nya lebih mahal kembalikan lagi voucer gratis ongkir tanpa minimal pembelian,netral
139,"sering gratis ongkir dan semua pembayaran bisa cod, terimakasih lazada",netral
140,"Aplikasi belanja online yg cukup bisa dipercaya, dengan pelayanan yang baik.",positif
141,"jualan di volume gak masuk akal ya kalo lazada pake JNE.. expedisi paling rakus masih aja dipake oleh lazada.. mau ganti j&t selalu dipersulit, kurang waras sih kirim bantal 2 kg kena selisih ongkir 380 ribu.. kocak!",negatif
142,Belanja mudah tidak ribet,positif
143,"banyak yg berhasil pesanan saya,namun banyak jg yg kecewa apalagi barang yg bener2 saya harapkan, saya mohon kepada lazada tingkatkan selalu pelayanan pesanan pengiriman ,kurir yg baik ,tolong sama ratakan pelayanan. kepada pembeli yg menggunakan pembayaran COD/ bayar d tempat,karna sepertinya untuk yg cod d no 3 kan terimakasih",positif
144,tolong dong dilengkapi maps supaya paket nya keliatan di perjalanan,netral
145,mengapa di tepat saya suka ga nyampe rumah malah di titip di warung dan jarang nya juga 1 jam dari rumah ke warung nya,positif
146,tolong ongkir nyah jangan mahal2. aku langganan dari pas ongkir cuman 7500 trus 9000 naik lagi jadi 12rb. sekarang makin parah naik jdi 29rb..mahaln ongkir di banding harga produk nyh.,netral
147,lazada mntf.....cuma tolong basmi oknum2 pelapak nya gan.....biar ga bnyk penipuan dlm brjualn,netral
148,"tolong dong Lazada ongkir nya jangan mahalÂ² dlu langganan sering belanja di Lazada sekarang jarang banget belanja di Lazada setiap mau belanja nunggu gratis ongkir sampai sekarang masih mahal benget ongkir nya, klo pilih kurir mending kurir Lazada nya klo ninjavan lama banget jam 6 pagi konfirmasi jam 5 sore baru di kirim",netral
149,2 kali pesanan ga pernah di antar setatusnya cuma di kirim doang,netral
150,"gabisa checkout akun genshin, kecewa ga kayak itemku 1.gabisa checkout akun genshin di lazada ga kayak itemku. 2.alasannya karna alamat ga jelas soalnya yang dikirim itu bukan barang melainkan akun game. 3.produk nya ada( akun genshin starter) tapi gabisa di checkout padahal stock masih ada kecewa",negatif
151,"jika belanja disini jgn sampai gagal,Krn tidak ada pengembalian dana walaupun sudah ada pengembalian dana di saldo lazada tapi tidak dapat dicairkan ini modus penipuan yg merugikan",negatif
152,berbelanja lebih mudah dan praktis,positif
153,selalu tepar waktu dan harga trjangkau,positif
154,plss lah jangan tampilkan iklan lazada di setiap aplikasiðŸ˜¡,negatif
155,mantap menggunakan aplikasi lazada sangat membantu banget dalam berbelanja,positif
156,cukup baik untuk pelayanan dan tokonya amanah,positif
157,"belanja dlazada sekarang mahal2, menghabiskan koin",positif
158,"jangan mau belanja di lazada guys , kalian jangan mau di tipuin , kalo kalian masik gak percaya jugak silahkan saja di coba",positif
159,"gara gara tolak paket cod karena gak sengaja kecekout langsung gak bisa di batalin sekarang malah gak bisa pembayaran COD ,aneh lazada padahal saya belanja di lazada udah puluhan juta",netral
160,bagus barang harga murah,positif
161,"banyak penjual nakal saya beli gamis seharga 174 yg Dateng baju bekas pada robek d retur dana kata lazadaga bisa d kmbalikan aplikasi buruk,shope aja KLO ga tokopedia",negatif
162,terlalu sering di kecewakan unistal ah pindah ke yg orange emang dari dulu make yg orange,netral
163,bagus untuk belanja cod klu kita bagus,positif
164,saya senang belanja di lazada barang yg saya suka selalu ada,positif
165,Saldo lazada yg saya tarik ke Rekening saya udh 8 hari belum masuk. saya cek masih sama tertunda. harus berapa lama lagi saya nunggu ??? mohon untuk ada solusinya,negatif
166,tambah lebih banyak gratis ongkir ya min,netral
167,bagus Lazada yang dulu sekarang kebanyakan iklan sangat menggagu,negatif
168,"aplikasi jelek,iklan jadi otomatis ke playstor iklan nya ganggu parah kalau mau promosi jangan kayak gitu donk",negatif
169,"aplikasinya sudah bagus, hanya satu yg di sayangkan pengalaman pake kurir LEX ID yg buruk untuk pengantaran sudah lebih dari estimasi 2 hari belum sampai, kurir di telepon/WA tidak menjawab alasan pengiriman gagal tidak masuk akal",positif
170,Sangat memuaskan. Hemat biaya dan waktu. ðŸ‘,positif
171,mode pick up untuk pengembalian barang tolong diaktifkan saya jauh dari logistik pengiriman. saya sudah mohon berkali-kali melalui CS tapi hasilnya nihil. tolong modenya diaktifkan kembali. mending ngasih kurir 10rb dibanding harus nempuh jarak 4-5KM,netral
172,apknya bagus pengirimannya cepat,positif
173,"sangat puas, murah"" banyak promo gratis nya ðŸ¤Œ",positif
174,"oke belanja di lazada,,",positif
175,saya suka dengan aplikasi lazada mudah berbelanja,positif
176,apk busuk penarikan saldo katanya 1x24 jam tapi narik udah 2 Minggu ga masukÂ² apk blanja online yg paling ga rekomendasi,positif
177,terimakasih lazada sangat membantu dan memper mudah untuk kebutuhan keluarga,positif
178,"Lengkap, mudah, terpercaya ... Semoga bisa lebih murah dan berkualitas",positif
179,"kecewa dgn kurir lazada lbh tepat'a led id,,sampai rmh bukan'a tlp tpi langsung d'batalkan s'akan2 saya gk ada d'rmh,,bnr2 kecewa banget,,gk sperti biasa'a.",positif
180,"kenapa ya setiap saya ketik suatu barang selalu yang muncul beda, bahkan tidak keluar sama sekali dengan apa yang saya ketik.",positif
181,sering menampilkan harga murah dan berkualitas,positif
182,baik pelayanan dan kurirnya juga ramah,positif
183,sangat bermamfaat aplikasi nya mudah dalam belanja tidak perlu ke toko tinggal pesan,positif
184,saya sudah lama selalu belanja di lazada sudah 10 tahun ini tapi semangkin kesini ongkir nya gak kira2 harga barang 10rb ongkir nya 15rb dan di tambah kurir nya selalu pending penggiring Tampa pemberitahuan terlebih dahulu seakan2 kita gak ada di rumah/tempat krm foto sama hasil ss bukan punya saya seakan saya yg minta di pending kurir nya semakin bisa mengatur pengiriman kecewa lah pelanggan lama auto pindah dan uninstall,positif
185,"semenjak jasa kirim nya pakai lex id ko jadi ada gagal kirim lah, kurir dah nanya nama dan alamat mau kirim paket pas di cari barang nya gak ada lah, ya mending kalau COD, sedangkan aku dah bayar dimuka, trus aku harus gimana ini??? kalau kaya begini mah mending ganti aplikasi laen lah. yang lebih amanah... padahal aku pake lazada dah lama banget, sayang toko udah langganan, kalau gak segera diperbaiki aku pamit bos mau cari di aplikasi tetangga, maaf cuma ngasih bintang satu, semoga suksesnya",negatif
186,harganya ramah di kantong,positif
187,lazada emang sanget membatu untuk umum masarakat akurat dan cepat samoe barang yg kita pesen terima kasih lazada semoga lebih akurat,positif
188,Alhamdulillah selama belanja online di Lazada berjalan dgn baik... terima kasih,positif
189,"banyak gaj sesuai barangnya .ongkir mahall ,pengiriman lambatt jadi pindah shopy",netral
190,"tolong lah saldo nya bisa di tarik kerekening utama kaya dana, saya sering beli pake kode QR pas di return malah masuk ke saldo balance, udah gitu gak bisa di tarik ke akun utama lagi. tolong lah perhatian nya.",negatif
191,Saya sebagai penjual merasa dirugikan pembeli retur tapi isi paket ditukar sama barang lain bekas pakai saya ajuin banding kirim bukti unboxing admin minta bukti dari pembeli tapi pembeli tidak kasih bukti aneh nya malah dana dikembalikan kepembeli sudah jelas pembeli curang paket retur ditukar sama barang lain barang bekas,negatif
192,paket cepet sampai .. tapi kadang tidak sesuai yg d harapkan,netral
193,mohon kepada pihak lazada kurangi iklan nya Krn SGT mengganggu sekali ketika membuka aplikasi ataupun game di hp kentank padahal sudah ditekan tombol x tetap saja relog dan masuk ke aplikasi lazada mohon untuk dikurangi iklanya,negatif
194,sesuai apa yg saya mau makasih lazada am kurir nya yg ramah,positif
195,Beli barang harga 76jt terus katanya datang 11 sampai 12 April tapi gak datang datang!ðŸ˜¡ðŸ˜¡ðŸ¤¬ðŸ¤¬ðŸ˜¡ðŸ¤¬ðŸ¤¬,netral
196,Tak Ada Yang Semurah Lazada. Tak Ada Yang Selengkap Lazada. Lazada Ada Untuk Kita. Lazada Berani Banding Harga.,positif
197,"belanja di lazada sangat praktis, dan harga terjangkau dengan produk yg berkualitas, dpt menghemat tenaga karena sistem online yang terpercaya",positif
198,"bye"" lazada,mau sy uninstal dulu,males soalnya g ada gratis ongkir lg,pdahal sy pelanggan lama.mau ke apk sebelah sja.udh dikasih masukan ttp aj dablek si.pada kabur dah penggunanya.",netral
199,trimakasih telah menjadi toko yg amanah. mudah mudahan terus amanah dan berkah,positif
200,"kenapa saat ini Lazada gak ada gratis ongkir ya.. padahal dulu sering blanja di sini hampir tiap hari malah krna ada gratis ongkir tapi saat ini produk nya murah tapi ongkor kirim nya yg mahal tolong lh buat Lazada yg seperti biasanya biar ber langganan terus biar orang"" ngak beli di platfom lain",netral
201,banyak iklan nya,negatif
202,detail pengiriman sering terlambat horah mashok blas,netral
203,pesanan nya lama sampai trus informasi nya tidak jelas pesanan terlambat estimasi 12 tapi sudah tgl 12 barang blm sampai,negatif
204,saya pesan kabel data pasing bukan mikro minta dikirim secepatnya,positif
205,tidak terlalu lengkap,netral
206,"Pembatalan pesanan secara sepihak, penarikan saldo ribet",negatif
207,"telat bayar sehari, kena denda 80 ribu,lebih besar denda nya daripada cicilan, parahhh",negatif
208,"suka banget belannja d lazada tapi skarang mahalÂ² ongkirnya harus bli 60rbu baru gratis ongkir, klo bisa d murahin lah minimal blanjanya biar dapet ongkir 0",netral
209,untuk pengiriman jasa kurir nya tolong di awasi dn di tingkatkan. karna semakin kesini semakin TDK baik. barang lama disampaikan ke pemiliknya. dn akhirnya barang bnyk yg rusak seperti tumbuhan bnyk yg layu dan mati. dn seperti hewan hiduppun kebanyakan mati karna pengirimannya lelet,netral
210,kadang suka ga sesuai apalagi bli yang mahal aga rugi,netral
211,banyak banget iklannya terus barangnya juga nggak terlalu sempurna tuh dan iklannya banyak sekali dan aku tuh jadi bete gara-gara kamu lagi mana ikannya Lazada Lazada Lazada jadi bete kan pokoknya putus Di sini tentang permasalahannya si iklan ini iklannya banyak banget.,negatif
212,masalah penarikan saldo ke bank dan pembatalan penarikan saldo lazada ke bank sangat payah dan menyebalkan susah untuk masalah pencairan... bagaimana ni sangat tidak nyaman diaplikasikan dan digunakan lazada ini ... mohon diperhatikan dan diperbaiki lagi,negatif
213,"Aneh bnget nih lazada, login pke email yg muncul akun org lain, login via no telpon kode otp dialihkn suruh kirim ke nomor yg lain ga dikenal cek getkontak tertulis nomor penipu, bhya bnget kalau sampe kena bisa bisa saldo paylater dll di kuras buat belnja, tlg TIM IT lazada di perketat lgi scurity nya.ðŸ˜¬",negatif
214,"produk bagus,murah terus,kurir pengantaran tepat waktu",positif
215,lemot banget padahal banyak diskonn,positif
216,"payah lazada sekarang,pantesan pada pindah ke aplikasi lain pengiriman dalam kota aja 8 hari belum nyampe nyampe",negatif
217,"saya menyenai produk lzd dengan mutu terjamin kwls aman hrg eknms trjangkau dan nyaman, seru praktis dan berkualitas. n vp hill ..",positif
218,sangat membantu orang yg malas pergi belanja ke toko ðŸ‘ðŸ‘ðŸ‘ðŸ‘ðŸ‘,positif
219,Seharusnya disediakan fitur blokir toko sehingga tokoÂ² nakal tidak berseliweran,netral
220,sangat bagus aplikasinya.cepat dan bagus,positif
221,baru jajal cod mudah mudahan toko dan kurir nya amanah dan sesuai postingan,netral
222,pembayaran di lazban dipercepat.... akun malah dibekukan ... benar2 bodoh malah ngecewain nasabah dan pelanggan...bukan nya di jaga...makanya kalah sama yang sebelah,negatif
223,cukup baik ... walau terkadang pemesanan barang tidak sesuai dgn gambar.,netral
224,"maaf,bisakah iklan kalian tidak usah muncul terus di tiap aplikasi yang sedang saya gunakan.Terus terang saya sangat amat terganggu karena setiap iklan kalian selalu otomatis ngelink ke lazada.Saya gak suka ya,sangat mengganggu produktivitas saya dalam bekerja,makasih",negatif
225,"penarikan dana lama banget, narik kamis malah disuruh nunggu sampe selasa dan itupun belum pasti.",negatif
226,suka barang yang simpel serba guna semoga awet,positif
227,sangat membantu banget belanja di sini,positif
228,Harga murah tapi kualitas tidak murahan... ok bosqu,positif
229,baik respon cepat dan jika ada komplain respon cukup baik,positif
230,"saya berterimakasih sekali dgn lazada yg sekarang sangat2 mahal ongkir. dgn mahal ongkir sy jd mikir2 untuk belanja d lazada, & memutuskan untuk berhenti jd pelanggan lazada. saya sangat berharap sekali lazada terus menaikan biaya ongkir supaya lazada sepi peminat dan bangkrut.",netral
231,"suka banget,toko on-line yg berkualitas",positif
232,harga sesuaii kualitas barang dan terpercaya.,positif
233,selalu belanja pakai lazada sudah langganan lama pakai lazada,netral
234,belanja mudah g ribet saya suka ðŸ‘,positif
235,aplikasi e-commerce paling aneh cuma penarikan saldo aja harus nunggu hampir 2minggu .. blm lagi sabtu minggu libur.. tp udh senin sampai jumat gk dikirim2.. chat cs juga gak ada solusi cuma suruh nunggu,negatif
236,cukup berguna untuk membantu Anda belanja,positif
237,"tolong untuk expedisi ninja Van di perbaiki, karena setiap paket selalu gagal di kirim",netral
238,"sekarang belanja di lazada pelit ongkir,check out 60 ribu pun masih di kasih ongkirðŸ¤¦ðŸ»â€â™€ï¸",negatif
239,sangat membantu untuk berbelanja ðŸ¥°ðŸ¥°,positif
240,terimakasih atas promo diskon menarik,positif
241,pengiriman aga lambat saya sudah bayar Qris namun udah 3 hari status ny masih dalam proses,netral
242,kenapa saldo lazada di tarik tunai k atm lama d verifikasi permintaannya,negatif
243,"woyy lah duit gue balikin, nyairin dari maret udh 2 minggu lebih di pending kalo gagal ya lgs balikin ke saldo jangan dipending begitu aja, mau di pake itu duit.ini gimana balikin uang kuuuuu.",negatif
244,"Pengirimannya agak lambat sekarang ini, tidak seperti dulu. chat seller yang jawab ai. saya kecewa ðŸ˜¥",negatif
245,"krnapa lazada paylater saya tidak dapat digunakan , padahal tidak ada tunggakan ataupun tagihan . ?",negatif
246,"saya sering belanja di lazada,saya senang berbelanja di sini tapi sekarang saya akan coba pindah ke aplikasi lain,saya kecewa karena belanja satu produk x2 maka ongkirnya lebih 2x lipat,jika ongkir 52 maka akan jadi 114 padahal saya belanja 1 produk x2(satu packing)tapi ongkir 2x lipatnya",positif
247,"senang belanja di lazadaa. Kalo bisa ongkirnya turunin dong kak, masa iya harga barangnya 2.300 ongkirnya 15.000. Berat di ongkir inimahðŸ˜­ðŸ˜­",netral
248,kecewa Dengan Lazada barang Pesanan Saya tidak Sesuai Gambar ..mau Return gak bisa,positif
249,"LEMOOOOOT andai aja bintang n0l tanpa kasih 1 bintangoun aku pilih jelek bgt lemot pol aku refres aku kembaliin masuk apk lagi baru 1 kali klik udah muter"" aku refres/masuk apk lagi pokonya lemot parah",netral
250,Lazada ko smakin sini smakin berat ya.. blank putih terus..,netral
251,mantap tapi entah nyata apa GK pesanan nya sudah 3hari belum datang pesanan celana nya,positif
252,harus ditingkatkan kualitasnya dalam jasa pengiriman.. respon cepat dan tepat waktu..,positif
253,seneng belanja di lazada seler nya amanah kurirnya juga baik ramah dan slalu amanah tepat waktu semoga lazada sukses selalu ðŸ™ðŸ™,positif
254,"kecewa banget, penarikan tunai bertele tele,narik tgl 28 maret katanya di tunda karna libur Nyepi sama lebaran,di prosesnya tgl 8 april ,pas udah tgl 8 April pemberitahuan estimasi penarikan 3hari kerja,tapi udah lewat 4 hari kerja,pas diliat lagi malah berubah jadi 5 hari kerja,mana 5hari kerja tuh pas hari Sabtu, sedangkan lazada gabisa proses penarikan hari Sabtu dan hari libur,jadi nunggu lagi ke Senin,sekalian aja atuh estimasinya penarikan tunainya seminggu!! #LAZADAKACAU",negatif
255,"top aplikasi yang bikin iklannya ngeselin, ngebosenin,garing,ngeganggu dan meskipun kita ga pencet iklan itu tetep masuk aplikasi lazada sendiri itu,kaya kesannya maksa banget buat ngebuka aplikasi lazada.",negatif
256,dulu saya sering beli di lazzada dgn metode pembayaran COD tp sekarang kok GK bisa cod kenapa ya,netral
257,sangat sedih dan kecewa .. gara2 bayar pay later telat 1 hari itupun cm sekali .. akun paylater ku di bekukan sementara ...,negatif
258,"aplikasi apa ini salah pengiriman malah ke alamat orang, padahal saya sudah membayarnya gimana ini!",netral
259,aplk belanja bagus byk promo dan disc nya,positif
260,aplikasi dan seller maupun logistik kompak lepas tanggung jawab barang sudah di bayar lunas tp tidak sampai ke pembeli status tetap pengiriman tetap saja tidak ada perubahan sama sekali pdahal sdh lewat 6 hari setelah estimasi yg di berikan jawaban drbkalian sama smua memuakkn tidak memberi kejelasan dn kapastian kpd pembeli pembeli tidak di beri jaminan sampainya barang yg di beli mohon segera di perbaiki bkn masalah nilai barang tp kpercayaan kita sbg pembeli sdh ragu atau bisa tak percaya,negatif
261,"maaf memberikan 2 bintang, karena dirasa mau komplain sedikit susah. bagaimna bisa informasi transaksi saya dimiliki oleh orang yang berniat menipu a.n LAZADA. Jika ingin detail bisa lngsung menghubungi saya. say harap pihak LAZADA bisa merespon cept seperti toko oren. setelah di respon saya akan beri bintang 5. karena saya sangat sering menggunkan lzada",netral
262,belanja di lazada memuaskan Krn murah meriah dan serba ada. terima kasih lazada.,positif
263,lazada makin kesini ongkir nya makin mahal gak kaya tetangga nya murah,netral
264,sangat memuaskan gratis ongkir dan discount extra,netral
265,"Tarik saldo ke rekening prosesnya lama. Awalnya 2 hari kerja, sudah saya screenshot buktinya, eh pas sudah lapor ke CS diganti jadi 5 hari kerja, apaan",netral
266,"ongkirnya ko mahal sih kenapa jadi begitu tolong di kurangi ongkirnya min...biar banyak peminat, sekarang ini apk lain dunia makin bersaing min.",netral
267,"banyak promo dan LazRewards, lbh byk lagi free ongkirnya ya..mantap ðŸ‘",positif
268,"ongkir jd agak mahal, barang sampai tidak tepat waktu .",netral
269,sangat murah dan memuaskan,positif
270,bagus banget apk nya mirip shopee tapi lebih bagus an lazada dari pada shopee itu sih menurut ku yaa,positif
271,cara mudah untuk berbelanja online harga terjangkau banyak pilihan dan kualitas sesuai harga,positif
272,Mantap aku penguna lazada bertahun2barang memang murah. Dan juga gratis ongkir,netral
273,"saya pengguna lama lazada tp kmaren ga sengaja logout akun trus lupa password akhirnya bikin akun baru. ada voucher Rp. 20rb untuk pengguna baru, ya saya pake dong voucher nya tapi KENAPA SAYA 3X PESAN DIBATALIN TERUS SAMA PIHAK LAZADA nya? ini ga mau rugi atau gmna? pihak kalian yg buat gratis voucher 20rb untuk pengguna baru, tp pas dipake mlah ga bisa dan dibatalin terus. ga konsisten bgt sihh",negatif
274,"Sudah ke 4x nya dikecewakan sama program misi belanja, yg berhadiah lazreward senilai 67rb x 4 dengan batas belanja 450rb, setiap menyelesaikan misi dan pada saat ingin klaim hadiah lazreward, selalu gagal dengan alasan ""kesalahan sistem, silahkan hubungi penyedia layanan"" setelah dihubungi tetap saja tidak ada solusi, dengan alasan ""melewati batas waktu"", padahal selalu menyelesaikan misi belanja tidak pernah sampai melewati batasan waktu yg ditentukan.",netral
275,tolong bantu aktifkan payleter saya lagi.. saya gak pernah blnja di lazada smenjak payliter saya di bekukan !!,positif
276,kebanyakan iklan rese,negatif
277,"kalo memang pengiriman sedang overload, fitur prioritas 48jam nya di hilangin dulu, pengguna/konsumen Itu tidak tahu menahu kalo ada fitur priority ya pasti dipilih dengan harapan pengiriman cepat, ternyata sangat mengecewakan 48 jam jadi 82 jam itupun belum nyampe sampai sekarang..",netral
278,saya sangat suka blanja di lazada karena murah dan pengiriman Nya ceoat,positif
279,pinjem lazadabon setiap bayar blom jatuh tempo. tapi baru sekali telat sehari buseeeet dah. di telponinnya galak galak banget,negatif
280,gak asik masa freongkirnya hanya minimal belanja 50k saja sudah itu cuma diskon 10k dulu pengguna baru minimal belanja 10k bisa freeongkir 20k.tolong ya itu di kondisikan lagi.pantesan banyak yang pensi dari lazada,netral
281,"kurir tidak ramah dan tidak jadi mengirim padahal sudah dekat dan di telpon, memang saya salah karna alamat dan itu cuma kurang sedikit dan waktu di telpon masih dekat dan katanya besok akan dikirim tapi dia memutus telepon saya dan malah melaporkan alamat salah dan tidak mengirim paket saya besoknya.",netral
282,Lazada memang mantapp! kurirnya baik2 dan sopan.Thank you lazada.,positif
283,"lazada gimana sih, gua udah transfer saldo lazada ke bank toko Deket sini malah setatusya masih tertunda padahal sudah lebih dari 3hari malahan saya SM pihak toko harus ada bukti transaksi berhasil, gimana mau kasih bukti, sedangkan bukti transaksinya aja masih masih tertunda cepet perbaiki",positif
284,Kualitas terjamin dan Harga murah. Lazada MantapðŸ‘,positif
285,penarikan saldo dilazada saya tidak masuk dari tanggal 3 april sampai sekarang 11 april,negatif
286,tolong lah lazada kenapa sekarang ke keliruan dari seller yang tanpa memberitahu dengan jelas. jadi pelanggan yang kena pembatasan cod.. padahal saya dari lama sekali selalu beli di lazada. bantu agar saya bisa cod lagi. terimakasih,netral
287,"Lazada tolong di lengkapi lagi fiturnya. contoh fitur alamat, (di beri tanda untuk titik maps) supaya kurir ga bingung pas anter. lalu kerjasama dengan pihak ke 3 supaya bisa paylater. dan semoga lazada trus langgeng dan jadi e-comerce yg makin di percaya konsumen. terimakasih",netral
288,sangat puas belanja di lazada banyak diskon nya,positif
289,bagus banyak promo tapi masih banyak toko yg asal-asalan atau nipu,positif
290,returnya lama gak cepat kayak di shopee. returnya juga ribet gak kayak shopee..promo juga jauh beda sama shopee. banyak toko penipu barang juga banyak tidak pernah sesuai,positif
291,"sampe ku hapus berkali kali download sendiri apk nya, gak suka bangettttt Sam iklan nya ga mencet tiba tiba masuk apk ganggu bet, padahal aslinya blanja di sini ongkir nya murah walau barang banyak yang ga ORI, tapi jadi ku hapus apknya soalnya iklan nya ganggu tiba tiba masuk apk, maksain orang buat beli",negatif
292,tarik dana refund lama banget tidak profesional lambat,negatif
293,"lama"" gak suka pake lazada,, langganan lazada dari tahun 2018 baru sekali ngereturn barang,, itu juga karena barang yg di kirim salah sementara sudah di bayar,, pengembalian tgl 4 sampai tanggal 12 masih aja proses pengembalian,, sementara saya butuh dana nya untuk membeli produk yang lain,, parah pokoknya lazada..",negatif
294,"semenjak ada lazmart jadi menyebalkan ,harusnya biasanya 30rb udh dapet ongkir skrg harus keranjang lazmart udh diatas 100rb masih aja kena ongkir,. kalo masih kaya gini mending COPOT !!!!",negatif
295,"Kecewa saya.. Udah nyiram padi ampe 2 bulan an eh taunya abis hadiahnya.udah seneng mo dapet hadiah. Eh malah Di ganti voucher,,, klo voucher mah ga seru ðŸ˜ðŸ™„",netral
296,saya mau cairin saldo dari lazada udah tapi ga diverifikasi terus dari 15 hari yg lalu,negatif
297,"semoga lancar terus pengiriman nya,",positif
298,"saya tarik saldo dana ke rekening saya sampe sekarang belum masuk ke rekening saya, proses nya lama banget padahal udah 4/5 harian prosesnya",negatif
299,"tolong update terbaru tambahkan fitur catatan di halaman checkout untuk menulis pesan catatan kepada seller supaya tidak salah kirim warna, ukuran atau jenis lainnya, karena kadang kalau lewat fitur chat seller tidak merespon",netral
300,harga nya sangat terjangkau dan banyak diskon,positif
301,"Jangan download aplikasi ini isi nya lebih banyak sampahnya,selernya rata2 penipu daripada jadi korban kyak saya beli celana panjang di kirimnya sampah bahan sisa jahitan,dan bagi para penjual mohon jangan menjual barang daganganya di sini sudah terkenal sebagai ecomers sampah dan adminnya juga gak ada kerjaannya gak peduli mana yng amanah mana yang sampah",negatif
302,top kren dan ringan wajib di pertahan kanðŸ‘,positif
303,"aplikasi jahat, masa transaksi retur udah 15 hari kagak karuan, mana duit orang lagi,",positif
304,sangat cocok untuk berbelanja online,positif
305,barang berkualitas bagus dan datang lebih cepat,positif
306,Bolak balik order ternyata barang kosong. Katanya klo bisa dipesan barang pasti ready? begitu sudah dipesan/bayar ternyata seller chat klo barang kosong. Assuuu,positif
307,lazada skrg parah biaya ongkirnya lebih mahal dari harga barangnya.kabuuuuur di shopee cod cek dulu.,netral
308,"Saya jadi kecewa gara gara nggak bisa cek out pakai voucher, masak akun saya di curigai adanya aktivitas tidak wajar padahal cuma pakai voucher... Maaf dulu bintang 5 sekarang bintang 1 aja",netral
309,"penarikan tertunda dan ditolak udah gitu sangat lama hampir 1minggu masih tertunda, sangat mengecewakan untuk seller",negatif
310,hai ladada tolong dong penarikan saldo saya di petcepat ktanya di proses 1-3hri kerja tapi ini sudah 7 hari kerja tidak ada kejelasan?,negatif
311,"lama bener... narik saldo dari aplikasi ke rekening doang, padahal gk gedeÂ² amat saldo. verifikasinya kelamaan, kesannya kyk percaya amat sama yg narik saldo, padahal ke rek pribadi",negatif
312,makin bagus dan banyak barangnya apa yg saya cari ada smoga tetap jaya terima kasih lazada,positif
313,trimakasih telah membantu berbelanja dg mudah... semoga sukses selalu...,positif
314,Mantap Paylater Saya Sudah Bisa Di Pakai Kembali Terimakasih LazadaðŸ™ðŸ™‚,positif
315,Tolong di perbaiki lagi terutama dijaringan setiap saya mau masuk apk selalu lelet banget padahal sinyal lancar,netral
316,kalo pasang iklan di aplikasi gak ngotak!,negatif
317,entah kenapa tetap setia sama lazada sih meskipun ongkirnya naik ...,netral
318,"dari dulu saya suka belanja di lazada antar pulau pun, cepat tapi karna pnh tertipu beli jacket warna nya lain sebelah udah ongkirnya mahal kena tipu lagi.",positif
319,"selama saya belanja semua aman,tidak ada penipuan dan saya sangat berterima kasih atas kejujuran dan amanah nya",positif
320,Terlalu banyak voucher & bonus yg diberi...tpi kebanyakan hanya PALSU...ongkir mahal walaupun 1 kota penjualnya ðŸ¤£ðŸ¤£ðŸ¤£,positif
321,"udah lama bgt pake lazada,klo pesen selalu memuaskan",positif
322,kasi bintang empat dulu sual nya barang nya belum sampai,netral
323,pengiriman cepat barang nya bagus dan berkualitas,positif
324,"sudah ber taun"" belanja di lazada satu minggu terahir ini ko nipu gitu ya, lihat ulasan nya bagus"" yg belanja ribuan, knpa giliran saya belanja barang tidak sesuai malah di kirim barang murah dengan harga mahal, dgn kecewa saya tidak terima barang nya saya kembalikan lagi, karna tidak puas dan tidak sesuai pesanan, sudah 3 kali belanja dlam satu minggu di tipu terus, jd i males belanja du lazada lagi padahal tadi nya udh nyaman di lazada eh mlah bikin kecewa",positif
325,lazada suka nahan duit orang. tarik saldo saja sampai berhari2. itupun belum tentu acc. sesuatu yang buruk.. dan kebijakan yang nggak berkah.. gk bakal pakai setelah ini.,negatif
326,sejauh ini saya masih mengunakan lazada kemudahan berbelanja semoga selalu yang terbaik,positif
327,lama kelamaan lazada mahal di ongkir dan bonus ga bisa di pake..pindah ke toko sebelah aja bnyk discon free ongkir,netral
328,Tolong perbaikan lazada kalau di buka langsung Lola buka lazada nya,netral
329,pengembalian lalai dab gagal uang gak masuk masuk . lazada lambat banget cs nya pake virtual gak jelas.,negatif
330,bagus dan cepat dalam pengiriman barang,positif
331,"payah,, lazada skrg pelit banget ongkir nya, biasa nya free ongkir minim belanja 30rb, mau CO hrga 50k, ongkir 20k. uninstall aja lah",netral
332,gmna mau laku pengiriman nya ke pending alasan yg ga jelas tidak tepat waktu ðŸ˜¡ðŸ˜¡ðŸ˜¡,positif
333,"lazada bisa mudah buat belanja onlain,ga harus keluar rumah",positif
334,mudah dan gampang pesan melalui kredivo,positif
335,mantap sering dapat harga murah meriah juga game menarik,positif
336,lebih mudah dan pengiriman cepat dan hemat,positif
337,ya saya suka dengan aplikasi ini kita butuh barang makanan barang dan minuman dll,positif
338,"dari awal sih gue ragu soal apk ini, pas giliran di unduh dan login, pas sudah pesan barang tidak sesuai sama di iklannya, dan pas gue cari-cari lagi ya kali harga tas tactical army Rp 22.500 masa ongkos kirimnya Rp 74.590, macam mana ini. definisi.!! menjual boleh-boleh saja, tapi tidak usah ngerampok juga donk.!!!ðŸ”¥ðŸ”¥",negatif
339,"gajelas banget , pembelian di batalkan sepihak , tapi uang ga masuk ke.rekening/saldo lazada , mana lumayan lagi uangnya.",negatif
340,mohon di amati lgi buat aplikasi lazada ini KK masa saya sering pesen barangnya rusak trs pesenan nya kandang tokonya ada yg GK amanah GK sesuai barang kami mohon bantuannya padahal aku sudah lama belanja online dilazada ini KK KLO kaya gini trs aku kapok bakalan pindah ke aplikasi yg lain lah . KLO kaya gini trs mah,positif
341,"sangat bagus, tapi ongkirnya mahal kakaðŸ˜€",netral
342,Muda dan pengiriman cepat.,positif
343,"mantap, tpi ada kekurangan",positif
344,mantap yang ngirimnya cantikkkk .terima kasih iya bosku. biar makin sukses....,positif
345,"saya suka serta cepat dlm mnanggapi keperluan konsumen ,smoga sukses terus.ðŸ‘",positif
346,"sekarang aplikasi nya susah di buka, selalu loading saat pencarian dan membuka pesan maupun melihat pesanan.. sudah di update tiap pengupdetan tapi sistem aplikasi nya eror",netral
347,"senang belanja dilazada , ongkir nya murah kadang malah gratis",positif
348,kalo saya pesan barangnya selalu sesuai dengan pesanannya,positif
349,semuanya mahal tadinany pas di liat sih murah kalau udah di cengot mahalllll mending belanja di shopee,positif
350,saya di tipu aplikasi nya sama penjual nya uang saya di ambil penjual mula mula saya di harus kan TF ternyata saya di tipu,netral
351,"Saat kita buka akun barang itu munculnya sangat lama,,jadi males buka,,ga kyk akun sblh sekali diklik barang langsung muncul smua tinggal pilih",netral
352,sering dpt gratis ongkir dan diskon lainny,netral
353,"dulu suka bgt belanja diLazada sekarang nggak dulu. LAZADA SEKARANG PELIT ongkirrrrrrrrrrr tolong diperbaiki dong, biar nyaman lagi belanja dilazada.",positif
354,"gratis ongkir nya aja gk pernah dapet,.. gak kayak apk oren banyak gratis ongkir",netral
355,"pengirimann lama, kurir ggal kirim paket trus, padahal dulu jadi andalan belanja di lazada bukanya makin bagus malah makin jlk",positif
356,kenapa jaringannya klo pke wifi ga bisa nih lazada,negatif
357,"Barangnya cukup banyak variasinya, harga bisa yerjangkau, layanan relatif cepat, barang sesuai dgn permintaan/gambar vidio.",positif
358,saya suka belanja barang murah semoga kualitas dijamin.,positif
359,"untuk kmi yg tinggal luar pulau jawa lebih memilih belanja pakai shopee dgn kelebihan ongkir lebih murah dan bisa dipilih agen kurirnya,,lazada masih kalah disitu,,dlu sy langganan di lazada,sekarang sdh tdk lagi krna ongkirnya mahal dan tdk ada pilihan agen pengiriman.mohon diperbaiki layanannya lagi",netral
360,untuk belanja apapun di lazada lebih mudah dan gampang apa lagi dalam pencarian barang yg akan dibeli lebih mudah menukan nya.. lazada keren deh..,positif
361,lazada bagus baik dan berkwalitas,positif
362,dah lazada.. bye bye.. per hari ini saya putuskan untuk menghapus aplikasi ini. karena sekarang ongkir nya mahal . ga ada voucher lagi,netral
363,"apk nya berat bgt jadi lemot. padahal hp pake spek gede, apk lagi lancarÂ² aja. ini cuma lazada biar udh di update ttp lemot, berat. Di tambah ada kurir NinjaVan yang punya kinerja buruk. Paket gak kunjung di kirim, malah di balikin ke seller, pdhl udh tinggal anter ke saya. kalo pun gak tau alamat saya, tinggal telpon harusnya.",netral
364,kembalikan akun saya saya daftar pake fb dan nomor hp sudah saya masukan semua dapat kode otp juga pas mau verifikasi gagal trus padahal nomor sama fb nya udah benar busetttttt mau verifikasi akun aja susah bgt lazada saya mau bayar paylater saya gmn ga bisa masuk,negatif
365,pindah aja ke apk oren ah sekarang cari promo gratis ongkir di lazada susah bener!!!,netral
366,penarikan pembayaran COD lebih besar dari harga check out pengiriman sangat lama,netral
367,belanja sering ktipu dengan diskripsi pnjual.pas reture d tolak pnjual lapor k pihak lazada gk d respon mlh pnjual msih aktiv dn brkliaran d akun dn mnjual brmacam2 produk untuk cri mngsa.ðŸ˜ªðŸ˜ª,positif
368,pesanan tidak gagal dan pengiriman cepat,positif
369,"Kenapa kalo muncul iklan lazada langsung otomatis masuk aplikasinya sii. tanpa kepencet apapun pasti lngsung masuk ke aplikasi lazada, itu ganggu bgt plissðŸ˜­ga semua aplikasi, aku hapus iklan",negatif
370,dengan adanya Lazada belanja lebih mudah dan praktis,positif
371,"Penarikan lazada saldo lambat, gratis ongkir sulit untuk digunakan. bagusan lazada lama, untuk yang sekarang sangat mengecewakan.",negatif
372,barangnya bagus dan sesuai mantaap,positif
373,untuk lazada tolong ya dipermudah pengembalian dana kekonsumen.belaanja dishopee atau Tokopedia pengembalian dana kerekening cuma 5 menit udah masuk..dilazada gilaaa maximal 3 hari kerja.sedang itu uang mau dipake buat belanja ketoko sebelah gara2Ã— ditoko yg saya beli barang kosong.gak lg deh belanja cash dilazada.pengembalian uang kerekening lamaaa,negatif
374,"saya pengguna lazada dari 2018. Menurut pengalaman belanja saya selama ini sepertinya lazada mengalami kemunduran. Dari banyak brand besar yang memang terjamin ori jadi sekarang banyak yang melabel 'lazmall' tapi tidak jelas ke ori annya. Banyak brand juga yang mulai menghilang. Dari yang dulu beli rom&nd versi dari koreanya langsung karena barang yang dijual lebih lengkap, sekarang sudah tidak ada. Harapan saya semoga kembali membaik seperti dulu. Karena dulu saya menemukan banyak nilai plus.",positif
375,"udah seminggu barang ngga nyampe nyampe, dikemas mulu kapan ngirimnya",netral
376,"gmna sih saldo sya dri hari Sabtu blm balik jg ke rekening sya ,kecewa bngt smpe skrng pun uang sya blm kembali ,iya bagi situ GK seberapa tpi buat sya berarti bngt buat beli susu",negatif
377,"lazada makin kesini makin ga jelas makin banyak seller penipu, makin pelit gratis ongkir makin makin dah ngecewain nya",netral
378,sangat mudah berbelanja dan bisa di percaya,positif
379,Ongkir terlalu mahal untuk pengiriman minimal 3 atau 5 hari dan untuk barang yang ga sesuai gimana kalau bisa tiap toko gratis ongkir semuanya biar ga rugi.,netral
380,transaksi sangat mudah.banyak pilihan metode bayar,netral
381,"Demi meningkatkan kepercayaan pelanggan mohon untuk mengeliminasi para Penjual yg nakal, diantaranya BRG TDK sesuai dg diskripsi,pencairan dana return terkesan terlalu lama.",netral
382,"mantap dan bagus belanja di lasada , aman dan AmanaðŸ™",positif
383,cepat dan terjangkau,positif
384,"parah banget lazada ga ada tanggung jawabnya, saya membeli 4 barang sekaligus namun yang di acc hanya 1 yang 3 nya batal otomatis, melakukan metode pembayaran via QRIS , selang beberapa jam pesanan saya di batalkan sepihak oleh pihak lazada. dan sialnya uang yg seharusnya balik ke metode pembayaran/saldo lazada , malah ga masuk sama sekali, saya co dari tgl 3 april dan sampai hari ini tgl 10 april uang masih belum masuk. sudah hubungin cs susahnnya minta ampun malah BOT TERUS yg jawabnya ðŸ¤¦ðŸ»â€â™€ï¸",negatif
385,"mudah, praktis, efisien & tokoÂ² amanah",positif
386,harga nya murah barang nya bagus ðŸ‘,positif
387,aku sudah lama berpaling ke shopee . alasan nya karna di lazada terlalu banyak ongkos kirim dll,netral
388,"Lazada Sangat membantu sekali dalam hal pencarian barang yang kita inginkan, Namun masih ada saja Oknum Penjual yang menipu, menjual barang tidak sesuai Iklan.",positif
389,laporan pengiriman nya masih tanggal 7 aja belum berubah,negatif
390,lazada lebih murah harganya lebih memuaskan,positif
391,Kalo malam live agent/live chat pelayanan buruk tidak ada solusi dan tidak di bantu,netral
392,"selalu ada yang saya inginkan, pokoknya mantap bos, trimakasih Lazada",positif
393,sekarang lazada gak gratis ongkir.... giliran gratis ongkir harus minimal belanja sekian baru dapat... coba dong kaya toko sebelah yang mengutamakan gratong tanpa minimum belanja... pasti lazada bkln rame lagi,netral
394,"gak jelas ni apk,sulit untuk dipahami,coba contoh shopee dan tiktok dong gak ribet , masa iya untuk klaim voucher pengguna baru di suruh hapus voucher nya dulu baru bisa co , sama aja bohong , hubungi CS nya aja susah minta ampun, yg jawab chat robot, gak jelas",negatif
395,"layanan Bayar ditempat plus itu bikin bingung, kebanyakan kurir kurang merhatiin lagi, padahal paket udah dibayar, tapi karna tulisan nya cod jadi di minta lagi ,kalo lagi di luar tukang paket jadi minta lagi ke orang rumah, karna samasama gak tau jg orng rumah pasti bayar dulu , jadinya doublee bayarnya, untung kurir nya udah langganan",positif
396,"lazada kenapa sekarang ongkirnya tambah mahal? padahal dulu lazada jadi aplikasi favorit ku buat belanja online tapi sekarang gak bisa buat di belanjain Karena ongkir nya mahal banget. barang yang mau aku beli sama ongkir nya mahalan ongkirnya,berasa bayar 2x lipat kalau mau co. kalau gini mending si oren walau pengiriman lama tapi masih bisa di buat belanja.",netral
397,Saya pelangan lama Lazada dan kecewa dengan dibekukan nya paylater lazada saya tanpa alasan jelas.Saya selalu bayar tagihan tepat waktu dan selalu belanja setiap bulannya. Tapi sdh jalan 3 bulan ini paylater lazada saya di bekukan dengan alasan saya telat bayar tagihan...heyy...saya tidak pernah telat bayar tagihan. Saya kasih penilaian kurang karena penjual seenaknya kirim barang tidak sesuai dengan pesanan saya...apakah saya salah? Sepertinya saya memang hrs hapus aplikasi lazada dari hp saya,negatif
398,"dulu bagus sekarang ongkirnya mahal,padahal dah dipotong vocer gratis ongkir ðŸ˜­ðŸ˜­",netral
399,"mau komplain ke customer servis isinya bot, kalau ke cs harus telfon, telfon kan keluar biaya. Tgl 5 melakukan penarikan saldo ke rekening lain sampai hari ini belum terverifikasi ya kali buat laporan ke bank (kata bot) padahal masuk ranah transaksi aplikasi, semisal tgl 8 mulai proses minimal ngasih notif kek atau gimana antrian online yg bisa ditrack, terus juga misal transaksi menggunakan vpn bikin ga bisa melakukan pembayaran, minimal dikasih notif untuk mematikan vpn, bikin lose take promo!",negatif
400,semua barang yg mau di pesan mahal semua.gk kyak aplikasi sebelah,netral
401,Cara belanja mudah dan simple,positif
402,"pliss lah masa apk sebagus ini banyak toko yang menipu mulu, saya udah keseringan beli barang yg udah saya bayar, gk datang datang sampe hangus, ini gimana yaa?",netral
403,Kenapa semakin lemot aja ini lazada? tiap buka aplikasi mau scroll nyari produk malah ga ada gambarnya,netral
404,belanja di lazada sangat mudah dan terpercaya,positif
405,"saya pelanggan Lazada sudah lebih dari 10 thn.selama ini enjoy banget belanja disini,tp sekarang mulai malas karena ongkir sangat mahal sekali.saya fikir apa karena saya pelanggan lama ya ? jadinya saya sekarang jarang banget belanja, efek ongkir yg mahal.",netral
406,"Jangan kebanyakan fitur, apalagi games yg cuman dpt voucher. Ukuran aplikasi jadi makiin gede gegara ada fitur game di Aplikasi. Pelanggan cuman mau belanja bukan main game, karena hingga saat ini Lazada masih jadi yang terbaik buat gw untuk masalah mengatasi sellerÂ² penipu, dibanding dengan OLshop lain.",netral
407,biar ongkirnya di perbanyak lagi bos,netral
408,"masalah saya selesai,cuma untuk evaluasi.supaya kjadian barang kurang LKP.entah seller nya entah pihak expedisi nya,kasihan seller nya kalo smpe ada oknum expedisi nya",netral
409,"untuk gratis ongkir nya sangat memuaskan tapi banyak sekali penjual yang menipu menjual barang tidak sesuai gambar, deskripsi dan terkadang yg di kirim barang palsu",positif
410,"sangat membantu sekali,,, buat kalangan menengah",positif
411,"aneh amat, nyantumin nmr orng ke kurir, mana kurir nya kga jls lgi, kga nge wa buyer sama sekali, giliran buyer lgi ga di rumah bukan nya wa malah kga, nnti malah nyalahin buyer lgi kga mau bayar, kan aneh dongoÂ², kurir lu kga di kasih hp apa gmna kga bisa nge wa buyer sama sekali itu?",negatif
412,Terimakasih banyak. saya sangat senang bisa belanja online,positif
413,"lemot , pesen hari ini dikirim besok lusa.entah aplikasi ini pakai ekspedisi apa sampai lemotnya minta ampun.. banyak kekurangan ..pokoknya jangan download aplikasi ini jika kesabaran anda tipis",netral
414,sudah lama saya TDK blanja di lzd. karna ongkir nya yg mahal. bisa ongkir gratis tapi harus blanja yg heg tinggi. saya jadi pindah haluan blanja. padahal saya dulu tiap hr blanja Krn sy brjualan. kpn normal LG. banyak poin yg ga kapake di apk sy.,positif
415,lazada selalu memberi kemudahan dalam memenuhi kebutuhan,positif
416,masa setiap co kena oc01 mulu trus kadang bisa eh malah kena cancel sistem gratis ongkir juga kdg minbel 50 keatas chat cs juga gada yang membantu padahal dulu apk nya enak bngt maaf lazadaa,negatif
417,pelayananya bagus banget barang cepat datangnya terima kasih ya kak,netral
418,lazada kurang memuaskan gak kaya disebelah. gartis ongkir dan banyak promonya udah gak ada kalo di lazada.,positif
419,"Saya stop dulu belanjanya karna dah dua kali ketipu barang yg di kirim.tidak sesuai dengan yg di pesan Tapi beruntung bisa di retur,,",positif
420,barang kualitas bagus.. cepat... mantaps.... makin maju.... selalu semangat...,positif
421,mudah dan cepat respon seller n pengiriman nya,positif
422,"tulisannya 48jam dijamin sampai, ujung ujung nya mah telat, paling di aplikasi maaf atas keterlambatan pesanan anda, gausah ngasih jaminan 48 jam sampai kalo ga sesuai.. buat apa pengiriman prioritas diadakan kalo gitu mah..",netral
423,paket belum di terima tapi status pesanan di terima.biasa nya kurir bisa kirim paket sesuai tujuannya. ini kok gak,negatif
424,"Mau ganti nomor aja susah, gimana kalo nomorny sdh hlang atau tdk aktif.. Belum lagi ongkir selalu mahal terkadang mahal lah ongkir daripada barang yg dibeli... mau pembayaran aja sulit mesti otomatis semua pada gak bisa aplikasi rumit",netral
425,lumayan bagus untuk pembelian dan cepat datang barang nya ðŸ˜ðŸ˜,positif
426,sangat mudah dan membatu baget..buat Menuhin kebutuhan,positif
427,"aplikasi pea ,, ngasi tambahaan limit ,, pas di coba malah di bekukan ,, kalo ga niat ngasi ya jangan ngasi ,,, ngerusak kepercayaan orang lain namanya,,pembayaran sebelum jatuh tempo saya bayarkan pembayaran tepat waktu ,,, haha emank pea aplikasi nya",negatif
428,dulu lazada menjadi aplikasi andalan saya.. mau belanja apapun pasti lewat lazada.. tapi sekarang lazada sangat dan amat parah.. ongkos kirimnya tidak masuk akal.. dengan sangat berat hati saya kasih bintang 1 dan auto unistal.,netral
429,kok sekarang gak bisa bayar di tempat ya...padahal saya selaku pembeli lewat online salah 1 nya lazada ini dan selalu lewat cod...karna gak bisa cod jadi sekarang gak pernah lagi belanja di lazada,netral
430,"lazada kalau bisa tambahin lah gratis ongkir nya ,ini minbel belanja mahal mahal, teru gratis ongkir cuma 10 rebu , minus di lazada mahal ongkir ,jdi yangg lain pada pindah ke aplikasi sebelahh",netral
431,lebih teliti lagi dlm memilih produk yg di promosikan krna byk BRG yg GK sesuai dgn estimasi nya,positif
432,mudah dan responsif,positif
433,belanja lebih mudah & hemat,positif
434,terlalu sering beli barang datangnya tidak sesuai pesanan..tolong di perhatikan.!,positif
435,disaat yg lain di gratisin ongkir nya ini malah di naikin ongkir nya payah,netral
436,tolong dong iklan nya dikurangin tadinya happy seneng bgt bisa blnja dilazada tapi hampir tiap menit muncul iklan itu ganggu bgt sumpah âœŒï¸ betulin dong kmbli k versi sblmnya iklan nya dikurangin tiba tiba muncul iklan orang LG chat muncul disetiap layar hadew gimna ini,negatif
437,sekarang di lazada tidak ada gratis ongkir untuk pembelian dibawah 30 ribu,netral
438,"memudah kan, banyak pilihan, pokoknya lazada debes deh",positif
439,mudah dlm berbelanja dan bnyk pilihan,positif
440,"Alhamdulillah suka belanja online di Lazada,tinggal pilih dan tekan barang di kirim tepat waktu,lebih bnyk puas nyh,kecewa nyh juga ada kalo toko pasang apa yg di kirim apa semoga toko2 bisa lebih amanah lagi",positif
441,lazada akhir2 ini ngbug trs sdh sbulanan blm diperbaiki bikin males !! apa lzada ga punya tim yg bisa bnerin bug jaringan eror,positif
442,selalu puas belanja di lazada,positif
443,"Saya suka belanja di Lazada,semoga berkah dan bermampaat...ðŸ˜€ðŸ‘",positif
444,"Aplikasi lazada sekarang semakin aneh dan tidak sportif,dengan belanja +voucher kemudian setelah voucher di pakai/di gunakan masih tetap saja tidak berubah/turun dari harga normal Seharusnya harganya turun dari harga normal setelah voucher di pakai,dan ini tidak berubah harganya sama sekali dan secara logis ini tidak masuk akal,dan ongkir-nya pun mahal dari biaya penanganan mahal 5rb Kenapa aplikasi lazada semakin lama semakin buruk ya atau jangan2 aplikasi ini tidak ada perkembangan lagi,trims!",negatif
445,cinta lazada semoga bertahan untuk waktu yg super lama di Indonesia ya,positif
446,"ada beberapa produk yg tidak tersedia,, kadang juga ketika bonusan kupon maupun koin di pakai malah lama sekali prosesnya,, masa mengemas sampai 2hari ....",netral
447,lancar dan mudah kredit...nyaa,positif
448,"bagusss, selalu pesan disini tapi ongkir nya kadang terlalu mahal ðŸ˜ gpp ttp bagussss, hm tpi perna pesen barang yg DTG ga sesuai :), gapapa bagus ko bintang 5 ðŸŒŸðŸŒŸðŸŒŸðŸŒŸðŸŒŸ",positif
449,"Beberapa hari lalu pesanan saya yg seharusnya diterima hari itu gagal kirim & baru diterima besoknya setelah maghrib. Belum seminggu, hari ini tiga pesanan saya kembali ""digagal kirimkan."" Ada apa dengan kurirÂ² Lazada yg kini jadi lelet & pesanan selalu diantar diatas jam 7 malam? Mohon pihak Lazada memberi teguran pada kurirÂ² yg beroperasi di daerah saya Bojongsoang, Bandung Selatan, Jabar! Terimakasih.",netral
450,"lazada makin kesini makin gajelas banget, bisa pake gratis ongkir min pembelian 30k itu pun cuma dapet 10k potongan ongkirnya, sedangkan ongkirnya meledak, makin males belanja di lazada mending ke toko orens banyak promo bye bye lazada",netral
451,nih aplikasi lamaÂ² banyak tukang tipu seller nya..,netral
452,aplikasi yg membantu untuk orang yg males keluar beli barang.semua kurir ramah jangan ragu buat instal aplikasi ini,positif
453,lazada knpa sih saat ingin membatalkan pesanan knp uang sulit untuk tarik tunai kembali..padahal sudah bukan hari libur..jngn kelamaan dong proses nya..,negatif
454,"tolong tingkatkan safety nya dari sekian banyak orang disekitar saya banyak penipuan merajalela di sini.. dengan menipu barang yang di jual., hingga penyadapat data pribadi dengan segala upaya rencana dan modus pelaku hingga terjerat pembayaran.. yang tanpa sepengetahuan pemiliknya... termasuk saya korbanya... demi kebaikan lazada dan kenyamanan konsumen / pengguna apk .. mohon di tingkatkan ke amanan nya... kalo bisa seler penipu palsu hapus saja... trimsðŸ™",netral
455,Lazada semakin keren dan semoga program gratis ongkir nya terus ada biar semangat belanja nya,positif
456,lazada itu apk jelek cuma bikin ngeleg hp doang sama pesanan nya ga sesuai gambar mulu,netral
457,"saya mencoba order sepatu casual pria ukuran 40, ingin tau realpict apa tidak mudah""an sesuai dgn deskripsinya â˜ï¸ðŸ™",positif
458,"lazada gak kayak dulu lagi ,ongkir nya murah ,bahkan ada vocer gratis ongkirnya juga , sekarang ongkirnya muahal banget",netral
459,"kecewa banget sama lazada sekarang dulu enak bangett banyak diskon dan gratis ongkir nya terus banyak voucher juga, masa saya kan baru buka lazada lagi ya terus dapet voucher pengguna baru terus saya co barang yang saya mau terus saya berubah pikiran mau lebih yang besarr kapasitas nyaa eh mala ga ada voucher nya, padahal di platform lain bisaa tuh kembali voucher nyaa, kecewa laa min bintang â­ laaa",netral
460,tolol aplikasi ini membuat iklan berkepanjangan atau seperti virus.,negatif
461,tolong dong penggambilan saldo ke bang nya dipermudah masa lama banget 3 hari 5 harian basuk masuk bank kadang gk bisa diambil lagi,netral
462,sekarang lazada ongkir nya mahal biasanya klw belanja 30 ribu otomatis gratis ongkir sekarang mah enggak. biasanya beli parfum 55000 udah gratis ongkir sekarang harus bayar ongkir 13000 udah di coba 100.000 belanja gk ada gratis ongkir juga. jadi nya beralih ke Shopee belanja keperluan laundry di Shopee semua,netral
463,terkndng barang sesuai pas di bulan ramadhan suka penipuan bgt uang hangus ko lama yh sldo lazada pindah ke ATM memverifikasi permintaan tolong update yh,netral
464,semoga semua tokonya amanah....dan tidak mengecewakan..... jadi senang deh belanja nya,positif
465,"kenapa akun payleter saya dibebukan padahal cuma limit 300k, gx sampai 1jt ? niat ngadain payleter gx sih min baru juga beli 1 barang gx bisa cek out lagi",negatif
466,penjual harus amanah klo ingin berlangganan yg baik,positif
467,"jujur aplikasi eccomerce tergajelas ðŸ¤¢ mending Hapus aja deh, voucher ga bisa di pake, ongkir mahal bgt. ga worth it parah hehe",netral
468,"penanganan lambat saldo saya di bekukan sampai berminggu minggu gak bisa di tarik, mau nya apa sih lazada data2 sesuai semua alasan keamanan data padahal data sesuai semua saldo saya 1500000 di bekukan gak bisa di tarik padahal laporan dari 2 minggu yang lalu emang parah ini lazada",negatif
469,"lazada skrng ga kaya dlu, pelit bgt gratis ongkir, pdhl dlu tiap hari ada gratis ongkir nya, koin jg bisa kepotong banyak bisa sampw 60%",netral
470,"harga Barang 4.500,, pas di beli jadi 50.000 mahal banget ongkirnya,, harga Barang 138.000 pas di beli 236.000,,, yg bener ajah ongkir sampai segitu,,,,",netral
471,saya merasa puas dengan pelayanannya terimakasih semuanya.bisa menjaga kepercayaan,positif
472,"kenapa sekarang akunku ga dikasih gratis ongkir, gimana mau belanja.",netral
473,barangnya selalu bagus dan puas sesuai lagi pokoknya lazada terbaik,positif
474,udah betahun tahun pake lazada paylater limit cuman 800 ribu padahal slalu transaksi pake paylater gak kyk aplikasi Oren besok saya lunasin dan uninstal aplikasi ini,negatif
475,sangat memuaskan semoga lancar trus udahannya y pak dan ibu ðŸ™,positif
476,"good job lazada, enak banget fitur fiturnya, yg oenting cepat sampai",netral
477,"awal order tertulis 48jam pasti sampai, eh pas sudah dalam pengiriman malah diundur pengirimannya selama 3 hari, kalo misalnya ga betul sampai dalam 48 jam gausah ditulis begitu tulis aja perkiraannya kaya apk belanja pada umumnya",netral
478,"astaghfirullah udh Harga mahal, ongkir nggk ada ,vocer nggk ada , hadeh parah banget bisa bisa bangkrut gara gara ngk ada yang mau belanja ðŸ˜‘ðŸ˜‘ minimal klo nggk murah,ya gratis ongkir Napa ga jelas banget,ngomong doang mau di perbaiki ternyata prettt",netral
479,"lumayan baguss, dan puji Tuhan sampai sekarang masih tidak ada kendala, semoga selalu seperti ini",positif
480,gratis ongkir nya mending ga pake minimal order aja,netral
481,lazada makin lama makin mahal . males mau blnja di lazada lagi . aku kurangi. aja bintang nya . stop blnja di lazada ..,netral
482,Lebih murah dan lebih banyak pilihan,positif
483,"Aku download lagi, dulu aku pakai Lazada tapi masih banyak Seller yg curang akhirnya saya hapus. aku akan mencoba lagi, mudah-mudahan sudah tdk seperti dulu lagi.",netral
484,Lazada kenapa sih ga bisa apa pakai aplikasi pembayaran dari gopay,negatif
485,aplikasi nya memuaskan Lebih baik daripada aplikasi yang lainnn sangat memuaskan ðŸ‘ðŸ‘ðŸ‘ðŸ‘ðŸ‘ðŸ‘ðŸ‘,positif
486,murah murah dan pelayanan yang baik,positif
487,"klo bisa 3kali kita bli brgnya,dikasih bonus buat pelanggannya",positif
488,"lama sekali proses penarikan saldo saya di lazada, padahal uang saya sendiri tapi di prosesnya lama sekali",negatif
489,tolong donk di out z buat seller2 nakal / penipu krn sangat merugikan kurir & konsumen... jgn cuma pngn di donlot z aplikasi'y tapi tidak mmberikan kepuasaan bagi para pengguna aplikasi ini apalagi yg jd pelampiasan kurir'y kasian kan mrk... sangat meresahkan,positif
490,"uda ga kayak dulu, pelayanan parah, toko yg ada banyak yg jual barang palsu, lambat proses pengiriman barang oleh toko, lebih baik pindah ke shoope",positif
491,"untuk belanja oke tapi jangan sampai coba-coba lazbon. pinjol yg tidak aman. lewat tanggal doang di wa, SMS, tlp. BENER-BENER GA AMAN DATANYA",positif
492,"kecewa bgt sama salah satu toko, orderan saya dari tgl 14 maret ga dikirimÂ². awalnya dia salah kirim order, terus janji mau dikirim ulang asalkan saya mau batalin permintaan retur. setelah saya batalin retur, ternyata orderan ga dikirim sampai skrg. bisa di black list aja gak min tokonya ?",negatif
493,kenapa sekarang jadi jelek banget.. pesanan saya gk ada yg di kirim,netral
494,penarikan saldo di lazada terlalu lama / lambat sampai berhari2,negatif
495,barang yang di kirim sesuai dengan kenyataan baran asli tanpa palsuan,positif
496,"Sebenernya seneng belanja di lazada hampir 6 tahunan(2011 sampe skrng 2025) lebih gw jd pelanggan setia... Tapi saya jasa kurir pengirimannya lama...tolong perbaikin yah( maaf saya turunin star nya,soalnya makin kesini ongkirnya makin mahal banget..barang murah ongkir mahal bgt jadi KECEWA)",netral
497,"dari harga di muka lebih murah setelah pesanan ko naik sampai dua kali lipat, semoga amanah dalam berniaga, semoga kdpn lebih baik lagi",positif
498,"beberapa seller bisa req pengiriman,terbaik pokonya cuman saran ajah untuk lazada mending jangan kerjasama lagi sama JNE deh soalnya JNE daerah GADOBANGKONG duuhhh lama banget ngirimin paketnya. estimasinya 2hari lah ini 5hari belum dikirimkirim padahal jaraknya sesama kabupaten bandung huhuhuuuu",netral
499,pengiriman barang nya kurang cepat,positif
500,sebenarnya saya senang belanjadi lazada karna d banding yg lain pengiriman lazada selalu tepat dan cepat tp sayang ada beberapa sealer yg tidak bertanggung jawab mengirimkan produk yg tidak sesuai dengan pesanan bulan puasa ini saya sudah 2 kali tertipu dan berturut turut lagi sejak saat itu saya jadi ragu untuk belanja lagi di lazada,positif
501,"mudah"" an ongkir ya balik normal lagi sama banyakin vocer gratis ya mksh",positif
